VariableName,VariableCode,Type_Of_Variable,Unit_Of_Measure,Scaling_Factor,Aggregation_Type,Weighing_Varible_ID,Weighing_Variable_Name,Long_Description
Country,Country,Key Identifier,,0,,,,Country
State lgd code,StateCode,Key Identifier,,0,,,,State LGD Code
State,StateName,Key Identifier,,0,,,,State
Yearcode,YearCode,Key Identifier,"",0,,"","",YearCode
Year,Year,Key Identifier,"",0,,"","",Year
Monthcode,MonthCode,Key Identifier,"",0,,"","",MonthCode
Month,Month,Key Identifier,"",0,,"","",Month
Number of fatal accidents,I6562_4,Numeric Variable,Number,1,sum,WeighingRatio_TotalPopulation,Total Population from Census,Number of fatal accidents
Total number of accidents,I6562_5,Numeric Variable,Number,1,sum,WeighingRatio_TotalPopulation,Total Population from Census,Total number of accidents
Number of persons killed,I6562_6,Numeric Variable,Number,1,sum,WeighingRatio_TotalPopulation,Total Population from Census,Number of persons killed
Number of greviously injured persons,I6562_7,Numeric Variable,Number,1,sum,WeighingRatio_TotalPopulation,Total Population from Census,Number of greviously injured persons
Number of minor injured persons,I6562_8,Numeric Variable,Number,1,sum,WeighingRatio_TotalPopulation,Total Population from Census,Number of minor injured persons
Number of total injured persons,I6562_9,Numeric Variable,Number,1,sum,WeighingRatio_TotalPopulation,Total Population from Census,Number of total injured persons
